<beans xmlns="http://www.springframework.org/schema/beans" xmlns:xsi="http://www.w3.org/2001/XMLSchema-instance"
	xmlns:tx="http://www.springframework.org/schema/tx" xmlns:context="http://www.springframework.org/schema/context"
	xmlns:mvc="http://www.springframework.org/schema/mvc"
	xsi:schemaLocation="http://www.springframework.org/schema/beans
        http://www.springframework.org/schema/beans/spring-beans.xsd
        http://www.springframework.org/schema/context
        http://www.springframework.org/schema/context/spring-context.xsd
        http://www.springframework.org/schema/mvc
        http://www.springframework.org/schema/mvc/spring-mvc.xsd
      	 http://www.springframework.org/schema/tx
        http://www.springframework.org/schema/tx/spring-tx.xsd">

	<bean id="firstQuery" class="java.lang.String">
		<constructor-arg>
			<value>select * from Questions</value>
		</constructor-arg>
	</bean>


	<bean id="secondQuery" class="java.lang.String">
		<constructor-arg>
			<value>select * from Answers</value>
		</constructor-arg>
	</bean>


	<bean id="dataSource" class="org.springframework.jdbc.datasource.DriverManagerDataSource">

		<property name="driverClassName" value="org.h2.Driver" />
		<property name="url" value="jdbc:h2:tcp://localhost/./quiz" />
		<property name="username" value="root" />
		<property name="password" value="password" />
	</bean>


	<context:component-scan base-package="fr.epita.quiz.services.dataaccess"></context:component-scan>

	<bean class="org.springframework.beans.factory.config.PropertiesFactoryBean" id="hibernateProperties">
		<property name="properties">
			<props>
				<prop key="hibernate.dialect">org.hibernate.dialect.H2Dialect</prop>
				<prop key="hibernate.show_sql">true</prop>
				<prop key="hibernate.hbm2ddl.auto">create</prop>
				<prop key="hibernate.connection.autocommit">false</prop>
			</props>
		</property>
	</bean>

<!-- 	<bean id="sessionFactory" class="org.springframework.orm.hibernate5.LocalSessionFactoryBean">
		<property name="dataSource" ref="dataSource" />
		<property name="hibernateProperties" ref="hibernateProperties" />
		<property name="packagesToScan">
			<list>
				<value>fr.epita.quiz.datamodel</value>
			</list>
		</property>
	</bean> -->



	<bean id="entityManagerFactory" class="org.springframework.orm.jpa.LocalContainerEntityManagerFactoryBean">
		<property name="dataSource" ref="dataSource" />
		<property name="packagesToScan" value="fr.epita.quiz.datamodel" />
		<property name="jpaVendorAdapter">
			<bean class="org.springframework.orm.jpa.vendor.HibernateJpaVendorAdapter" />
		</property>
		<property name="jpaProperties">
			<props>
				<prop key="hibernate.hbm2ddl.auto">update</prop>
				<prop key="hibernate.dialect">org.hibernate.dialect.H2Dialect</prop>
			</props>
		</property>
	</bean>


	<bean id="transactionManager" class="org.springframework.orm.jpa.JpaTransactionManager">
		<property name="entityManagerFactory" ref="entityManagerFactory" />
	</bean>
	<!-- <bean id="transactionManager" class="org.springframework.orm.hibernate5.HibernateTransactionManager"> <property name="dataSource" ref="dataSource" 
		/> <property name="sessionFactory" ref="sessionFactory" /> </bean> -->
	<tx:annotation-driven />

</beans>